,FC,labels,setting
0,1.9717768888888891,RegT,0.80000000000000004
1,2.2157412222222237,RegT,0.90000000000000002
2,,RegT,1.0
3,,RegT,1.1000000000000001
4,,RegT,1.2
5,,RegT,1.2999999999999998
6,,RegT,1.3999999999999999
7,,RegT,1.5
